<?xml version="1.0" encoding="UTF-8"?>
<metadata xml:lang="es"><Esri><CreaDate>20181005</CreaDate><CreaTime>11500100</CreaTime><ArcGISFormat>1.0</ArcGISFormat><SyncOnce>TRUE</SyncOnce><DataProperties><lineage><Process ToolSource="c:\program files (x86)\arcgis\desktop10.2\ArcToolbox\Toolboxes\Data Management Tools.tbx\AddField" Date="20181005" Time="115001">AddField "Z:\BioTablero\Modulo_Indicadores\Capas_Fuente\Complejos de Paramos_Escala100k.shp" year_ecosy SHORT 4 # # # NULLABLE NON_REQUIRED #</Process><Process ToolSource="c:\program files (x86)\arcgis\desktop10.2\ArcToolbox\Toolboxes\Data Management Tools.tbx\AddField" Date="20181005" Time="115007">AddField "Z:\BioTablero\Modulo_Indicadores\Capas_Fuente\Complejos de Paramos_Escala100k.shp" ecosystem TEXT # # # # NULLABLE NON_REQUIRED #</Process><Process ToolSource="c:\program files (x86)\arcgis\desktop10.2\ArcToolbox\Toolboxes\Data Management Tools.tbx\AddField" Date="20181005" Time="115016">AddField "Z:\BioTablero\Modulo_Indicadores\Capas_Fuente\Complejos de Paramos_Escala100k.shp" type_ecosy TEXT # # # # NULLABLE NON_REQUIRED #</Process><Process ToolSource="c:\program files (x86)\arcgis\desktop10.2\ArcToolbox\Toolboxes\Data Management Tools.tbx\CalculateField" Date="20181005" Time="134139">CalculateField "Z:\BioTablero\Modulo_Indicadores\Capas_Fuente\Complejos de Paramos_Escala100k.shp" year_ecosy 2016 VB #</Process><Process ToolSource="c:\program files (x86)\arcgis\desktop10.2\ArcToolbox\Toolboxes\Data Management Tools.tbx\CalculateField" Date="20181005" Time="134251">CalculateField "Z:\BioTablero\Modulo_Indicadores\Capas_Fuente\Complejos de Paramos_Escala100k.shp" ecosystem "Páramo" VB #</Process><Process ToolSource="c:\program files (x86)\arcgis\desktop10.2\ArcToolbox\Toolboxes\Data Management Tools.tbx\CalculateField" Date="20181005" Time="134425">CalculateField "Z:\BioTablero\Modulo_Indicadores\Capas_Fuente\Complejos de Paramos_Escala100k.shp" type_ecosy "Sin información" VB #</Process></lineage></DataProperties></Esri></metadata>
